data,values_g,diff_g,values_e,diff_e,prod_pe,prod_et,venda_g,venda_e,cos_year,sin_year
2005-01-01,512555.163,-112284.35700000002,177653.088,-43609.97,2.2427094409271087,1.0,1.067444145337791,1.2458699304907823,0.9987630631539232,-0.04972266766166604
2005-02-01,540210.582,27655.419000000053,167570.003,-10083.084999999992,2.131956666272123,1.0,0.8247695458775939,1.231982798494269,0.9987630631539232,-0.04972266766166604
2005-03-01,610238.053,70027.4709999999,178347.196,10777.193,2.2069673095147464,1.0,0.9981077492753212,1.225707914869708,0.9987630631539232,-0.04972266766166604
2005-04-01,589855.454,-20382.59899999993,179719.148,1371.9519999999902,2.170102753256405,1.0,0.9184748590283067,1.2243151633994829,0.9987630631539232,-0.04972266766166604
2005-05-01,589441.557,-413.8969999999972,190540.906,10821.758000000002,2.230911206339957,1.0,0.7106661192422155,1.119367695317014,0.9987630631539232,-0.04972266766166604
2005-06-01,584973.253,-4468.304000000004,193649.683,3108.777000000002,2.1948112167365252,1.0,0.35906736103549197,1.0057151969517897,0.9987630631539232,-0.04972266766166604
2005-07-01,561376.359,-23596.89399999997,189345.714,-4303.968999999983,2.105723696320472,1.0,0.01,1.0559778914572289,0.9987630631539232,-0.04972266766166604
2005-08-01,593417.325,32040.9659999999,211019.196,21673.48199999999,2.218998860852443,1.0,0.5643061860013467,1.079021238576649,0.9987630631539232,-0.04972266766166604
2005-09-01,576880.56,-16536.764999999898,232163.793,21144.59700000001,2.1575383404296167,1.0,1.1289196482452042,1.1318275945874732,0.9987630631539232,-0.04972266766166604
2005-10-01,559519.422,-17361.138000000035,213786.899,-18376.894,2.0224497544751845,1.0,1.1841973145126694,1.265492435467342,0.9987630631539232,-0.04972266766166604
2005-11-01,570625.98,11106.55799999996,218715.469,4928.570000000007,1.8716404404156342,1.0,1.2344633764054076,1.2879883975290252,0.9987630631539232,-0.04972266766166604
2005-12-01,646149.476,75523.49600000004,248241.005,29525.535999999996,1.844956877301241,1.0,1.4001232461533493,1.3952590662588753,0.9987630631539232,-0.04972266766166604
2006-01-01,540321.394,-105828.08200000004,277455.593,29214.58799999999,2.0368607962405427,1.0,1.61069525526359,1.5352589450151166,0.9989128213282501,-0.0466173292460585
2006-02-01,550134.084,9812.69000000006,281969.41,4513.816999999981,1.9465581766909794,1.0,1.7885039064538886,1.5719512261230544,0.9989128213282501,-0.0466173292460585
2006-03-01,615765.614,65631.52999999991,257521.237,-24448.17299999998,2.0078004107662024,1.0,2.3224864066421347,1.7916870798331168,0.9989128213282501,-0.0466173292460585
2006-04-01,599551.824,-16213.78999999992,245872.336,-11648.900999999983,1.727177900069945,1.0,2.33353114221729,1.7499188160825092,0.9989128213282501,-0.0466173292460585
2006-05-01,611857.529,12305.704999999958,300792.976,54920.640000000014,1.748227059509875,1.0,2.2888556260632935,1.46995587410148,0.9989128213282501,-0.0466173292460585
2006-06-01,574508.006,-37349.52299999993,304626.326,3833.3499999999767,2.0787766582766682,1.0,2.1575383404296167,1.3280882564369565,0.9989128213282501,-0.0466173292460585
2006-07-01,559654.244,-14853.762000000104,317084.422,12458.09600000002,2.0923436423886326,1.0,2.230911206339957,1.3555304235629215,0.9989128213282501,-0.0466173292460585
2006-08-01,605442.046,45787.802000000025,333675.58,16591.157999999996,1.9929003555543081,1.0,2.2427094409271087,1.376465016781498,0.9989128213282501,-0.0466173292460585
2006-09-01,590027.422,-15414.623999999953,346615.732,12940.152000000002,1.9777363048894598,1.0,2.144825257832869,1.2976976079952334,0.9989128213282501,-0.0466173292460585
2006-10-01,588774.628,-1252.7939999999944,343433.322,-3182.4100000000326,2.051045148649316,1.0,2.1948112167365252,1.2492661966427334,0.9989128213282501,-0.0466173292460585
2006-11-01,567319.629,-21454.99900000007,344345.112,911.7900000000373,1.9622940134703135,1.0,2.218998860852443,1.2516439017598064,0.9989128213282501,-0.0466173292460585
2006-12-01,638304.319,70984.69000000006,390286.304,45941.19199999998,1.9141386734013592,1.0,2.118925351984238,1.2458785731401385,0.9989128213282501,-0.0466173292460585
2007-01-01,559463.0489,-78841.27009999997,387144.277,-3142.027000000002,1.8716404404156342,1.0,2.0368607962405427,1.3909089743489191,0.9990529244565752,-0.04351154024812912
2007-02-01,541452.4033,-18010.645600000047,364148.9312,-22995.34580000001,1.683015500176723,1.0,2.0224497544751845,1.3913571948721033,0.9990529244565752,-0.04351154024812912
2007-03-01,622086.3873,80633.98399999994,430523.5812,66374.65000000002,1.6357066590737348,1.0,2.0078004107662024,1.3863583731676947,0.9990529244565752,-0.04351154024812912
2007-04-01,581697.2163,-40389.17099999997,404925.075,-25598.506200000003,1.4001232461533493,1.0,2.0787766582766682,1.4718487060099328,0.9990529244565752,-0.04351154024812912
2007-05-01,613093.1375,31395.921199999982,423981.7661,19056.6911,1.8078142780207809,1.0,2.182524988542944,1.4671581567405438,0.9990529244565752,-0.04351154024812912
2007-06-01,601823.1032,-11270.03429999994,433099.8645,9118.098400000015,1.768654571773885,1.0,2.065013696424943,1.3034627145662407,0.9990529244565752,-0.04351154024812912
2007-07-01,585626.9738,-16196.129399999976,453207.2702,20107.405700000003,1.897418029079321,1.0,1.683015500176723,1.1882881175039977,0.9990529244565752,-0.04351154024812912
2007-08-01,609542.6401,23915.666299999924,493069.4652,39862.19499999995,1.82662118690427,1.0,1.557515247268135,1.1171016471824222,0.9990529244565752,-0.04351154024812912
2007-09-01,572173.8772,-37368.76289999997,469893.8568,-23175.60839999997,1.3629601374221922,1.0,1.4993704541731268,1.0967125939316322,0.9990529244565752,-0.04351154024812912
2007-10-01,623376.6415,51202.76430000004,563463.8159,93569.95910000004,1.7885039064538886,1.0,1.3629601374221922,1.0762984656511925,0.9990529244565752,-0.04351154024812912
2007-11-01,586261.3299,-37115.311600000015,539422.8209,-24040.994999999995,1.7054587255212026,1.0,1.529128867192047,1.191082501986246,0.9990529244565752,-0.04351154024812912
2007-12-01,657315.7712,71054.44129999995,582239.4215,42816.600600000005,1.6597875940574676,1.0,1.9929003555543081,1.3049758299235874,0.9990529244565752,-0.04351154024812912
2008-01-01,557232.6366,-100083.1346,530547.3015,-51692.12000000011,1.61069525526359,1.0,1.727177900069945,1.2972929736265266,0.9991833711847241,-0.04040533068704974
2008-02-01,554229.8073,-3002.829299999983,532679.1663,2131.8648000000976,1.4350734782928276,1.0,1.7054587255212026,1.2520041782574938,0.9991833711847241,-0.04040533068704974
2008-03-01,586665.3925,32435.58519999997,558019.7334,25340.567099999986,1.557515247268135,1.0,1.748227059509875,1.281235163769029,0.9991833711847241,-0.04040533068704974
2008-04-01,593212.5875,6547.195000000065,589464.3811,31444.64769999997,1.3232536252304845,1.0,1.844956877301241,1.2858132406338938,0.9991833711847241,-0.04040533068704974
2008-05-01,579073.8489,-14138.73860000004,580873.1511,-8591.229999999981,1.584665157258336,1.0,1.6357066590737348,1.2780080834599434,0.9991833711847241,-0.04040533068704974
2008-06-01,560305.0166,-18768.83230000001,570126.4479,-10746.703199999987,1.529128867192047,1.0,1.897418029079321,1.2558094903770078,0.9991833711847241,-0.04040533068704974
2008-07-01,594201.4651,33896.44850000006,599724.4589,29598.01099999994,1.4993704541731268,1.0,1.8078142780207809,1.2560107488844527,0.9991833711847241,-0.04040533068704974
2008-08-01,577749.5833,-16451.881799999974,627610.103,27885.644100000038,1.4680812135184833,1.0,1.8628507266359888,1.2628732547751025,0.9991833711847241,-0.04040533068704974
2008-09-01,596100.9064,18351.32309999992,663032.6088,35422.50580000004,1.2344633764054076,1.0,1.9141386734013592,1.2791416700666929,0.9991833711847241,-0.04040533068704974
2008-10-01,607001.7624,10900.856000000029,658866.8962,-4165.712600000086,0.01,1.0,1.9465581766909794,1.317159772568446,0.9991833711847241,-0.04040533068704974
2008-11-01,562643.6356,-44358.12679999997,625070.9007,-33795.99549999996,0.9184748590283067,1.0,1.9622940134703135,1.322143197354008,0.9991833711847241,-0.04040533068704974
2008-12-01,651891.7202,89248.08459999994,715237.7431,90166.84239999996,1.2805937428432945,1.0,1.9777363048894598,1.32641059011991,0.9991833711847241,-0.04040533068704974
2009-01-01,536406.3389,-115485.3813,633103.609,-82134.13409999991,0.9981077492753212,1.0,1.82662118690427,1.3179484944133677,0.9993041602518569,-0.0372987305860572
2009-02-01,512378.6143,-24027.72459999996,617720.782,-15382.827000000048,0.5643061860013467,1.0,1.930512319980631,1.3502653499046449,0.9993041602518569,-0.0372987305860572
2009-03-01,567093.7176,54715.10329999996,700519.539,82798.75699999998,0.7106661192422155,1.0,1.6597875940574676,1.324997630648512,0.9993041602518569,-0.0372987305860572
2009-04-01,565388.051,-1705.6665999999968,737570.05,37050.51100000006,0.8247695458775939,1.0,1.768654571773885,1.2630847790964357,0.9993041602518569,-0.0372987305860572
2009-05-01,538684.07,-26703.98100000003,687715.543,-49854.5070000001,1.1841973145126694,1.0,1.584665157258336,1.2136231797351626,0.9993041602518569,-0.0372987305860572
2009-06-01,539760.871,1076.801000000094,715570.3831,27854.84010000003,1.067444145337791,1.0,1.4680812135184833,1.161443828657466,0.9993041602518569,-0.0372987305860572
2009-07-01,542758.554,2997.682999999961,726088.402,10518.018900000025,1.1289196482452042,1.0,1.4350734782928276,1.1973421927869812,0.9993041602518569,-0.0372987305860572
2009-08-01,534094.665,-8663.888999999966,724843.942,-1244.4599999999627,0.35906736103549197,1.0,1.3232536252304845,1.2373638503908295,0.9993041602518569,-0.0372987305860572
2009-09-01,545078.95,10984.284999999916,761222.426,36378.48399999994,2.118925351984238,1.0,1.2805937428432945,1.298983300764834,0.9993041602518569,-0.0372987305860572
2009-10-01,599644.925,54565.97500000009,787765.596,26543.17000000004,2.2543984352474307,1.0,1.8803295785658667,1.48525250746389,0.9993041602518569,-0.0372987305860572
2009-11-01,551032.466,-48612.45900000003,698273.455,-89492.14100000006,1.930512319980631,1.0,2.170102753256405,1.5597750868910318,0.9993041602518569,-0.0372987305860572
2009-12-01,544202.2685083332,113424.93299999996,819605.484,121332.0290000001,2.065013696424943,1.0,2.2659828506599577,1.6008094937360564,0.9993041602518569,-0.0372987305860572
2010-01-01,654202.264,-10255.13500000001,511031.731,-308573.753,2.182524988542944,1.0,2.355393730949619,1.8112482131770984,0.9994152904904801,-0.03419176997216221
2010-02-01,654294.827,92.56300000008196,707573.326425,-45654.272000000055,2.144825257832869,1.0,2.3876698686718134,1.8431361010172975,0.9994152904904801,-0.03419176997216221
2010-03-01,694141.558,39846.73099999991,644551.9437,179174.48469999997,2.2659828506599577,1.0,2.3113613745058057,1.6421580895101435,0.9994152904904801,-0.03419176997216221
2010-04-01,607506.779,-86634.77899999998,697389.5482,52837.604500000016,2.277467153130771,1.0,2.2543984352474307,1.485139598185079,0.9994152904904801,-0.03419176997216221
2010-05-01,582042.9,-25463.87899999996,751664.296,54274.74780000001,2.33353114221729,1.0,2.051045148649316,1.3713350926830563,0.9994152904904801,-0.03419176997216221
2010-06-01,571140.131,-10902.768999999971,743878.682,-7785.613999999943,2.3113613745058057,1.0,2.105723696320472,1.300372731282453,0.9994152904904801,-0.03419176997216221
2010-07-01,583503.037,12362.90599999996,765862.401,21983.718999999925,2.355393730949619,1.0,2.0923436423886326,1.3404777119553544,0.9994152904904801,-0.03419176997216221
2010-08-01,586265.033,2761.996000000043,754246.48,-11615.920999999971,2.344499113761031,1.0,2.131956666272123,1.4022726384265245,0.9994152904904801,-0.03419176997216221
2010-09-01,583459.506,-2805.527000000002,764545.313,10298.832999999984,2.3224864066421347,1.0,2.2069673095147464,1.4286530923840708,0.9994152904904801,-0.03419176997216221
2010-10-01,598530.562,15071.055999999982,733748.033,-30797.27999999991,2.3662182883097738,1.0,2.277467153130771,1.555094551611415,0.9994152904904801,-0.03419176997216221
2010-11-01,611718.127,13187.564999999944,749601.1215,15853.088499999954,2.2888556260632935,1.0,2.300152382174724,1.6029170285665764,0.9994152904904801,-0.03419176997216221
2010-12-01,581543.7977,97713.804,792359.6885,42758.56700000004,2.3769759724228967,1.0,2.344499113761031,1.673067182947691,0.9994152904904801,-0.03419176997216221
2011-01-01,597860.308,-111571.62300000002,638352.2955,-154007.39300000004,2.572306559657849,1.0,2.3769759724228967,1.738088763280935,0.9995167608264586,-0.031084478875862714
2011-02-01,638275.979,40415.67100000009,665081.8722,26729.576699999976,2.460981758567386,1.0,2.3662182883097738,1.7617662850943965,0.9995167608264586,-0.031084478875862714
2011-03-01,641375.5420249999,256700.01099999997,700822.8698975,-239522.7692,2.4402842025768394,1.0,2.3983029675683967,2.0098935373289253,0.9995167608264586,-0.031084478875862714
2011-04-01,699298.409075,69383.206,624625.5545075,-127224.30080000004,2.4088781706969637,1.0,2.622027768202467,2.169222690309521,0.9995167608264586,-0.031084478875862714
2011-05-01,769371.085,-194988.11100000003,545085.761,246750.95880000008,2.582278259491593,1.0,2.6913641642649377,1.8707051826558243,0.9995167608264586,-0.031084478875862714
2011-06-01,692313.134,-77057.951,646785.505,101699.74399999996,2.592234231602429,1.0,2.542276729539437,1.706170476813639,0.9995167608264586,-0.031084478875862714
2011-07-01,711844.197,19531.06300000008,594505.6382,-52279.86679999996,2.612107002707422,1.0,2.592234231602429,1.8073092947624352,0.9995167608264586,-0.031084478875862714
2011-08-01,777295.44,65451.2429999999,619380.205,24874.566799999917,2.5523078535471226,1.0,2.562317106631795,1.824765525466175,0.9995167608264586,-0.031084478875862714
2011-09-01,824087.139,46791.69900000002,507933.438,-111446.76699999992,2.542276729539437,1.0,2.532221637071393,1.8924005357631648,0.9995167608264586,-0.031084478875862714
2011-10-01,802203.572,-21883.566999999923,533662.16,25728.72200000001,2.6021764825988547,1.0,2.572306559657849,1.88399046165086,0.9995167608264586,-0.031084478875862714
2011-11-01,830207.554,28003.98199999996,501730.413,-31931.747000000032,2.6319407437941367,1.0,2.582278259491593,1.901005147996188,0.9995167608264586,-0.031084478875862714
2011-12-01,776580.6223333332,128874.26399999997,513896.085,12165.67200000002,2.641847884982014,1.0,2.6021764825988547,1.940778299906688,0.9995167608264586,-0.031084478875862714
2012-01-01,808199.892,-150881.92599999998,439595.377,-74300.70800000004,2.622027768202467,21710.082,2.5523078535471226,1.9086458943302675,0.9996085702790253,-0.027976887330849187
2012-02-01,809679.456,1479.564000000013,487041.246,47445.869000000006,2.3876698686718134,2515.099,2.4815110113720715,1.833188884265315,0.9996085702790253,-0.027976887330849187
2012-03-01,887627.931,77948.47499999998,532639.462,45598.21600000007,2.5120310066031086,6467.832,2.522140449175204,1.8594206603371883,0.9996085702790253,-0.027976887330849187
2012-04-01,838506.184,-49121.74699999997,482637.085,-50002.37700000004,2.4193982963052285,217299.209,2.5120310066031086,1.8773210653194092,0.9996085702790253,-0.027976887330849187
2012-05-01,865521.024,27014.839999999967,498002.385,15365.299999999988,2.4815110113720715,730343.525,2.45065524899985,1.8504546224548768,0.9996085702790253,-0.027976887330849187
2012-06-01,844647.902,-20873.12199999997,439832.616,-58169.76900000003,2.471266206270641,611272.962,2.460981758567386,1.8181379305775576,0.9996085702790253,-0.027976887330849187
2012-07-01,839052.048,-5595.85400000005,443502.235,3669.619000000006,2.522140449175204,965493.596,2.471266206270641,1.7930676609046647,0.9996085702790253,-0.027976887330849187
2012-08-01,889791.052,50739.00400000007,474611.566,31109.33100000001,2.532221637071393,1045614.976,2.4088781706969637,1.770203775871234,0.9996085702790253,-0.027976887330849187
2012-09-01,826753.373,-63037.679,480529.949,5918.383000000031,2.4298660845718145,894467.785,2.4193982963052285,1.7749742327493498,0.9996085702790253,-0.027976887330849187
2012-10-01,897376.944,70623.571,532641.697,52111.74800000002,2.3983029675683967,870339.103,2.4402842025768394,1.7726359259952431,0.9996085702790253,-0.027976887330849187
2012-11-01,851044.138,-46332.80599999998,525076.9888,-7564.708199999994,2.45065524899985,692202.27,2.4298660845718145,1.7762154447205218,0.9996085702790253,-0.027976887330849187
2012-12-01,947644.825,96600.68699999992,498348.9234,-26728.06540000002,2.5018911148758174,346892.231,2.491718541218362,1.8198047890713271,0.9996085702790253,-0.027976887330849187
2013-01-01,824795.621,-122849.20399999993,495532.57,-2816.353400000022,2.300152382174724,29052.252,2.5018911148758174,1.8351006598517707,0.9996907179607909,-0.024869025373714312
2013-02-01,755868.578,-68927.04300000006,499561.614,4029.0439999999935,2.491718541218362,6945.012,2.7211284254602197,1.8796962900296363,0.9996907179607909,-0.024869025373714312
2013-03-01,877078.355,121209.777,492401.798,-7159.815999999992,2.562317106631795,48593.933,2.7310706764566453,1.949554261917408,0.9996907179607909,-0.024869025373714312
2013-04-01,898023.975,20945.619999999995,490832.659,-1569.139000000025,2.6517511403814473,641527.941,2.7111979053516526,1.9587156565537944,0.9996907179607909,-0.024869025373714312
2013-05-01,926950.786,28926.810999999987,497308.677,6476.01800000004,2.661652454029537,962596.486,2.7012771398566073,1.929388513932582,0.9996907179607909,-0.024869025373714312
2013-06-01,838939.081,-88011.70499999996,515030.34,17721.663,2.7012771398566073,755520.495,2.6814570230770602,1.816310107296509,0.9996907179607909,-0.024869025373714312
2013-07-01,858133.83,19194.748999999956,540042.335,25011.994999999937,2.6814570230770602,909002.331,2.641847884982014,1.7814185460624383,0.9996907179607909,-0.024869025373714312
2013-08-01,911362.147,53228.31700000004,588496.956,48454.62100000004,2.671553767677627,969835.466,2.6517511403814473,1.761123518882704,0.9996907179607909,-0.024869025373714312
2013-09-01,840782.122,-70580.02500000002,593142.606,4645.650000000023,2.7111979053516526,896286.337,2.612107002707422,1.7560762925428317,0.9996907179607909,-0.024869025373714312
2013-10-01,906212.968,65430.84600000002,644873.768,51731.16200000001,2.6913641642649377,817993.832,2.6319407437941367,1.777645481516013,0.9996907179607909,-0.024869025373714312
2013-11-01,897126.302,-9086.665999999968,629495.588,-15378.180000000051,2.7211284254602197,733949.473,2.671553767677627,1.791847922175262,0.9996907179607909,-0.024869025373714312
2013-12-01,941548.328,44422.025999999954,670033.956,40538.36800000002,2.7410266485674812,450859.891,2.7509983484012253,1.8921700606677532,0.9996907179607909,-0.024869025373714312
2014-01-01,850742.694,-90805.63399999996,610430.599,-59603.35699999996,2.7509983484012253,31298.938,2.7609878014272793,1.9085265472897035,0.9997632030777526,-0.021760923043667127
2014-02-01,855295.043,4552.348999999929,607367.7135,-3062.8855000000917,2.7310706764566453,33080.633,2.770997054511952,1.9532516726939677,0.9997632030777526,-0.021760923043667127
2014-03-01,903148.706,47853.66300000006,553071.427,-54296.28649999993,2.7609878014272793,90264.426,2.821413793183257,2.061317955990309,0.9997632030777526,-0.021760923043667127
2014-04-01,956774.653,53625.94700000005,586983.191,33911.76399999997,2.781028178519638,534414.945,2.841793896687003,2.0548633103196816,0.9997632030777526,-0.021760923043667127
2014-05-01,942745.104,-14029.549,586640.826,-342.3649999999907,2.8011644588838704,896395.191,2.661652454029537,1.94,0.9997632030777526,-0.021760923043667127
2014-06-01,852595.889,-90149.21500000008,560580.465,-26060.361000000037,2.811273901455966,1018406.461,2.7410266485674812,1.92,0.9997632030777526,-0.021760923043667127
2014-07-01,879896.069,27300.18000000005,596438.373,35857.908000000054,2.770997054511952,941656.11,2.811273901455966,1.904512381572312,0.9997632030777526,-0.021760923043667127
2014-08-01,913080.028,33183.95900000003,622959.812,26521.439000000013,2.821413793183257,1111650.399,2.7910832709876816,1.900532605346786,0.9997632030777526,-0.021760923043667127
2014-09-01,913585.258,505.2299999999814,649507.994,26548.181999999917,2.7910832709876816,1012631.366,2.8011644588838704,1.8979590123600127,0.9997632030777526,-0.021760923043667127
2014-10-01,965120.377,51535.11899999995,720266.99,70758.99600000004,2.8315863668407126,1005863.447,2.781028178519638,1.8747785553908205,0.9997632030777526,-0.021760923043667127
2014-11-01,845512.827,-119607.54999999992,686150.95,-34116.04000000004,2.8623231494916883,544538.822,2.8315863668407126,1.898026700913822,0.9997632030777526,-0.021760923043667127
2014-12-01,971289.198,125776.37099999993,796194.906,110043.956,2.89343882348726,218167.132,2.8520387017884334,1.923882287007741,0.9997632030777526,-0.021760923043667127
2015-01-01,887345.737,-83943.46100000001,711871.221,-84323.68499999994,2.883020705482235,21070.801,2.8623231494916883,1.9568729728936336,0.9998260249293016,-0.018652610382238238
2015-02-01,927322.07155,-171215.86800000002,698570.149,-13301.072000000044,2.8520387017884334,6957.34,2.9250019404906777,2.1012695930744294,0.9998260249293016,-0.018652610382238238
2015-03-01,783760.428,67630.55900000001,800382.29,101812.14100000006,2.8726496590592245,55563.414,2.9463289356361777,2.1081574345927323,0.9998260249293016,-0.018652610382238238
2015-04-01,794263.82,10503.391999999993,805151.337,4769.0470000000205,2.9788057942980433,541675.927,2.935635039387261,2.075364627940623,0.9998260249293016,-0.018652610382238238
2015-05-01,762258.764,-32005.055999999982,767400.062,-37751.27500000002,2.9897737658417847,971079.36,2.9144267373621107,2.02603171612036,0.9998260249293016,-0.018652610382238238
2015-06-01,769552.53,7293.766000000061,786020.096,18620.033999999985,3.0344492819957813,1054518.549,2.903906611753846,1.9862981426467936,0.9998260249293016,-0.018652610382238238
2015-07-01,762618.946,-6933.584000000032,797610.834,11590.738000000012,3.104306047206631,934152.053,2.883020705482235,1.9577986434569776,0.9998260249293016,-0.018652610382238238
2015-08-01,747261.46,-15357.486000000034,821787.466,24176.631999999983,3.1163375985443276,1177958.623,2.8726496590592245,1.9311986078965824,0.9998260249293016,-0.018652610382238238
2015-09-01,743934.012,-3327.447999999975,841227.55,19440.08400000003,3.0231525258843504,892074.381,2.89343882348726,1.955339519503388,0.9998260249293016,-0.018652610382238238
2015-10-01,797607.837,53673.82500000007,884189.793,42962.2429999999,3.0458377549283036,952349.573,2.9570866197493006,2.279829824440875,0.9998260249293016,-0.018652610382238238
2015-11-01,758493.16,-39114.677000000025,731859.427,-152330.36599999992,2.9463289356361777,539861.992,3.011943533553269,2.497419959701406,0.9998260249293016,-0.018652610382238238
2015-12-01,747875.1571249999,155013.46999999997,809990.831,78131.40399999998,2.935635039387261,501474.38,3.092393701719117,2.555051776542875,0.9998260249293016,-0.018652610382238238
2016-01-01,752558.76,-160947.87,642620.022,-167370.809,3.0689064728116433,102287.0,3.104306047206631,2.6083492021371577,0.9998791829082299,-0.015544117432993868
2016-02-01,817672.372,65113.611999999965,642489.759,-130.2630000000354,2.903906611753846,66585.0,3.1532021548026696,2.6903749364084955,0.9998791829082299,-0.015544117432993868
2016-03-01,898171.745,80499.37300000002,652434.729,9944.970000000088,3.1913482417869514,351830.0,3.1657665676294577,2.7542675542035515,0.9998791829082299,-0.015544117432993868
2016-04-01,858668.445,-39503.30000000005,681713.796,29279.066999999923,3.244528249782406,965610.118,3.128493691322549,2.5647863069807104,0.9998791829082299,-0.015544117432993868
2016-05-01,774872.832,-83795.6129999999,767932.666,86218.87,3.1657665676294577,899211.457,3.0805954671319657,2.2713916343029688,0.9998791829082299,-0.015544117432993868
2016-06-01,763744.946,-11127.886000000057,722291.14,-45641.525999999954,3.0805954671319657,756758.338,3.0458377549283036,2.2723585383880343,0.9998791829082299,-0.015544117432993868
2016-07-01,756147.769,-7597.177000000025,751981.721,29690.58100000001,3.3304045525047665,1035656.298,2.9897737658417847,2.2317377516904884,0.9998791829082299,-0.015544117432993868
2016-08-01,792905.267,36757.49800000002,782392.217,30410.495999999926,3.2864441118185317,1028236.221,3.0231525258843504,2.2948081310889417,0.9998791829082299,-0.015544117432993868
2016-09-01,783513.661,-9391.606000000029,784989.057,2596.840000000084,3.663517314001607,914555.396,3.0344492819957813,2.3352619306402285,0.9998791829082299,-0.015544117432993868
2016-10-01,852895.813,69382.152,695072.652,-89916.40500000003,3.712609652795485,804300.093,3.0689064728116433,2.5347358988511304,0.9998791829082299,-0.015544117432993868
2016-11-01,913625.641,60729.82799999998,581390.213,-113682.439,3.011943533553269,545210.173,3.1163375985443276,2.695649268893708,0.9998791829082299,-0.015544117432993868
2016-12-01,811430.99835,112113.56600000012,651160.972,69770.75899999996,3.738639750800739,211719.238,3.1913482417869514,2.699435756468907,0.9998791829082299,-0.015544117432993868
2017-01-01,874032.948,-151706.25900000008,503107.826,-148053.14599999995,3.923181661905726,22435.504,3.2175812117386022,2.79109134186146,0.999922676500736,-0.012435474241240176
2017-02-01,884125.439,10092.491000000038,516231.239,13123.413,3.534801001605186,41778.082,3.2043795560748363,2.752366510318695,0.999922676500736,-0.012435474241240176
2017-03-01,962693.605,78568.16599999997,601417.603,85186.364,4.498535362181481,210322.397,3.1407799195161306,2.5715576682369203,0.999922676500736,-0.012435474241240176
2017-04-01,886691.236,-76002.36899999995,591643.674,-9773.929000000004,4.0427111652157794,597915.03,3.0573220573991167,2.457513585851696,0.999922676500736,-0.012435474241240176
2017-05-01,911972.309,25281.07299999997,626202.015,34558.341000000015,4.4048300490307675,757995.046,3.0008185014169397,2.4064667134396025,0.999922676500736,-0.012435474241240176
2017-06-01,893889.089,-18083.21999999997,630408.822,4206.80700000003,4.325197158783753,901764.287,2.9788057942980433,2.2974697114310625,0.999922676500736,-0.012435474241240176
2017-07-01,867364.043,-26525.04600000009,621770.116,-8638.706000000006,4.7589987220577274,1074909.079,2.9679111771094555,2.252689834726422,0.999922676500736,-0.012435474241240176
2017-08-01,876340.503,8976.46000000008,680184.482,58414.36599999992,5.313304908059075,975492.295,3.1784796502262056,2.426991099675889,0.999922676500736,-0.012435474241240176
2017-09-01,820056.391,-56284.11200000008,707130.196,26945.71400000004,3.960344770636883,1148308.817,3.230961265670442,2.4816751966129185,0.999922676500736,-0.012435474241240176
2017-10-01,824708.311,4651.920000000042,749959.524,42829.32799999998,3.5750778485491996,856778.688,3.2582912116341314,2.51296615529548,0.999922676500736,-0.012435474241240176
2017-11-01,790831.983,-33876.32799999998,696732.575,-53226.94900000002,3.1532021548026696,552964.951,3.2864441118185317,2.650347423078921,0.999922676500736,-0.012435474241240176
2017-12-01,879407.474,88575.49100000004,763327.174,66594.59900000005,4.964237547023583,286778.828,3.315504497292872,2.7673919481069067,0.999922676500736,-0.012435474241240176
2018-01-01,748417.528,-130989.946,711387.329,-51939.84499999997,4.612638788816859,4589.828,3.361010894588761,2.862485833108524,0.9999565052864303,-0.009326710853736372
2018-02-01,728125.347,-20292.1810000001,661307.028,-50080.30099999998,3.7941760408670273,13090.291,3.409166234657715,2.9049193835799403,0.9999565052864303,-0.009326710853736372
2018-03-01,844241.43,116116.0830000001,747227.25,85920.22199999995,4.19438525981387,344432.495,3.3927925880784437,2.8941699978503657,0.9999565052864303,-0.009326710853736372
2018-04-01,775947.138,-68294.29200000002,698660.319,-48566.93099999998,3.092393701719117,1182846.721,3.4258868789797536,2.8281258800103077,0.9999565052864303,-0.009326710853736372
2018-05-01,698619.736,-77327.402,709072.121,10411.802000000023,4.139107593546404,1439582.745,3.5546503362851896,2.6735821800811865,0.9999565052864303,-0.009326710853736372
2018-06-01,708186.606,9566.869999999995,758688.606,49616.48499999999,3.8552236945405918,1589452.24,3.960344770636883,2.7844317146616864,0.9999565052864303,-0.009326710853736372
2018-07-01,623490.117,-84696.48900000006,828071.926,69383.31999999995,4.000051282828591,1709800.365,3.7941760408670273,2.603580047325717,0.9999565052864303,-0.009326710853736372
2018-08-01,686775.505,63285.38800000004,941759.68,113687.75400000007,4.088841531653666,1492164.749,3.7657896607909396,2.4611921275772457,0.9999565052864303,-0.009326710853736372
2018-09-01,620249.303,-66526.20200000005,885615.635,-56144.04500000004,3.8882314297662477,1346419.245,4.139107593546404,2.6194681662387254,0.9999565052864303,-0.009326710853736372
2018-10-01,627952.185,7702.8820000001,1008271.573,122655.93799999997,4.255860762721283,969033.868,4.19438525981387,2.779020867036884,0.9999565052864303,-0.009326710853736372
2018-11-01,635715.412,7763.226999999955,966350.417,-41921.15599999996,3.2175812117386022,674438.669,4.088841531653666,2.7653607773779414,0.9999565052864303,-0.009326710853736372
2018-12-01,727972.135,92256.723,1040349.421,73999.00399999996,3.823934453885948,318038.179,3.5961270079891294,2.660737590224496,0.9999565052864303,-0.009326710853736372
2019-01-01,636920.493,-91051.642,953757.273,-86592.14799999993,3.409166234657715,10383.33,3.460454181423086,2.640388270762268,0.999980668938339,-0.0062178573184034315
2019-02-01,618487.969,-18432.523999999976,901277.422,-52479.85100000002,3.2043795560748363,5522.224,3.345568603169615,2.618778240053512,0.999980668938339,-0.0062178573184034315
2019-03-01,659781.81,41293.841000000015,912346.569,11069.146999999995,3.7657896607909396,145285.851,3.442975329493208,2.8182739760021955,0.999980668938339,-0.0062178573184034315
2019-04-01,673912.349,14130.53899999999,947253.826,34907.25699999998,3.361010894588761,830468.683,3.663517314001607,2.858474155888729,0.999980668938339,-0.0062178573184034315
2019-05-01,658413.223,-15499.126000000047,977516.849,30263.023000000045,3.68759824898534,1354668.016,3.8552236945405918,2.818895315550833,0.999980668938339,-0.0062178573184034315
2019-06-01,621973.185,-36440.03799999994,894082.097,-83434.7520000001,3.5154906300382938,1460692.801,3.712609652795485,2.629101549975776,0.999980668938339,-0.0062178573184034315
2019-07-01,663121.972,41148.786999999895,952218.792,58136.69500000007,3.3927925880784437,1571069.743,3.534801001605186,2.5653486592525523,0.999980668938339,-0.0062178573184034315
2019-08-01,685349.527,22227.55500000005,978785.362,26566.56999999995,3.5961270079891294,1758499.081,3.5154906300382938,2.628910595205189,0.999980668938339,-0.0062178573184034315
2019-09-01,645005.924,-40343.603,977898.199,-887.1629999999423,3.4783480307578336,1556297.901,3.4966837211548047,2.653046703730715,0.999980668938339,-0.0062178573184034315
2019-10-01,693645.748,48639.82400000002,1076485.714,98587.5149999999,3.6402894078823516,1582729.725,3.5750778485491996,2.7062879181035235,0.999980668938339,-0.0062178573184034315
2019-11-01,663325.24,-30320.50800000003,1024535.073,-51950.640999999945,2.9570866197493006,661083.302,3.617846182537872,2.7832550403876755,0.999980668938339,-0.0062178573184034315
2019-12-01,727753.692,64428.45200000005,1077621.99,53086.917000000016,3.3767467313680952,71598.617,3.923181661905726,2.947922336815493,0.999980668938339,-0.0062178573184034315
2020-01-01,627853.74,-99899.95200000003,977533.249,-100088.74100000004,3.617846182537872,3094.86,4.0427111652157794,3.0442126219523167,0.9999951672229069,-0.003108943684033658
2020-02-01,627037.53,-816.2099999999627,934390.826,-43142.42299999995,3.315504497292872,11709.18,4.000051282828591,3.083953850602513,0.9999951672229069,-0.003108943684033658
2020-03-01,679688.318925,-82720.22900000005,794070.201,-140320.625,3.460454181423086,174987.362,3.823934453885948,3.0066721589211207,0.9999951672229069,-0.003108943684033658
2020-04-01,634722.8268499998,-107617.22199999997,652729.566,-141340.635,2.9679111771094555,1023529.681,3.30085515358389,2.5832029082205263,0.9999951672229069,-0.003108943684033658
2020-05-01,603274.472325,46920.27799999999,686326.285,33596.71900000004,3.230961265670442,1390145.621,3.244528249782406,2.358117688531053,0.9999951672229069,-0.003108943684033658
2020-06-01,536712.63,53092.27299999999,717123.021,30796.73599999992,3.1784796502262056,1293959.796,3.272259759409758,2.4735180684132207,0.9999951672229069,-0.003108943684033658
2020-07-01,607250.824,70538.19400000002,818279.187,101156.16600000008,3.272259759409758,1477633.87,3.3304045525047665,2.570338529392121,0.9999951672229069,-0.003108943684033658
2020-08-01,592108.006,-15142.81799999997,828866.705,10587.517999999924,3.5546503362851896,1461858.211,3.3767467313680952,2.596902555843828,0.9999951672229069,-0.003108943684033658
2020-09-01,520790.7563583333,40704.875,885846.549,56979.84400000004,2.841793896687003,1353167.306,3.4783480307578336,2.7262,0.9999951672229069,-0.003108943684033658
2020-10-01,672522.731,39709.84999999998,967739.247,81892.69799999997,2.9144267373621107,1028625.064,3.6402894078823516,2.853798133459108,0.9999951672229069,-0.003108943684033658
2020-11-01,655609.737,-16912.994000000064,881617.663,-86121.58400000003,3.0008185014169397,432719.994,3.68759824898534,2.9502530831677314,0.9999951672229069,-0.003108943684033658
2020-12-01,620775.8625166666,104775.74200000009,995166.123,113548.46000000008,3.0573220573991167,38755.806,3.738639750800739,3.039191617062974,0.9999951672229069,-0.003108943684033658
2021-01-01,648275.617,-112109.86200000008,867825.909,-127340.21400000004,3.4966837211548047,1160.209,3.8882314297662477,3.046528063440269,1.0,-2.4492935982947064e-16
2021-02-01,574102.409,-74173.20799999998,827623.504,-40202.40500000003,2.9250019404906777,1465.074,4.255860762721283,3.296514619696311,1.0,-2.4492935982947064e-16
2021-03-01,576042.979,1940.5700000000647,780068.075,-47555.429,3.128493691322549,81011.6,4.325197158783753,3.865115711811031,1.0,-2.4492935982947064e-16
2021-04-01,531111.653,-44931.326,774508.163,-5559.912000000011,3.2582912116341314,578607.217,4.4048300490307675,3.627334088180674,1.0,-2.4492935982947064e-16
2021-05-01,662921.451,131809.79799999995,777229.319,2721.1560000000754,3.345568603169615,1129306.149,4.498535362181481,4.088185323251103,1.0,-2.4492935982947064e-16
2021-06-01,708748.979,45827.52800000005,649797.67,-127431.64899999998,3.30085515358389,998057.238,4.612638788816859,4.182080637808985,1.0,-2.4492935982947064e-16
2021-07-01,608832.745775,83582.99699999997,703889.117,54091.44699999993,3.442975329493208,1115025.035,4.7589987220577274,4.103737769654725,1.0,-2.4492935982947064e-16
2021-08-01,643310.3375166666,-476.35600000002887,667094.72,-36794.397,3.4258868789797536,1134248.448,4.964237547023583,4.256734448757142,1.0,-2.4492935982947064e-16
2021-09-01,825738.495,33882.875,647236.458,-19858.261999999988,3.1407799195161306,1059275.842,5.313304908059075,4.396707307640566,1.0,-2.4492935982947064e-16
